Workbook

Sheet Summary
A1: US midterms — DD / RR direction vs share priced (λ) and relief rally
A2: u = x(s) − λ·E[x]. λ = 0: nothing priced (BofA lens). λ = 1: fully priced (prediction-market odds). Relief = 1 adds the uncertainty-resolution vol crush.
A3: z in σ-units (T+1). Edit λ / relief (blue) or any input on Model; signs use the threshold on Model!B21.
A5: Assumption | C5: DD (Dem House / Dem Senate) | K5: RR (Rep House / Rep Senate)
A6: λ (share priced) | B6: Relief (1/0) | C6: Equities z | D6: Equities sign | E6: 10y z | F6: 10y sign | G6: USD z | H6: USD sign | I6: Vol z | J6: Vol sign | K6: Equities z | L6: Equities sign | M6: 10y z | N6: 10y sign | O6: USD z | P6: USD sign | Q6: Vol z | R6: Vol sign
A7: 0 | B7: 0 | C7: =SUMPRODUCT(Model!$B$15:$F$15,Model!$B$7:$F$7-$A7*Model!$B$10:$F$10)+$B7*Model!$G$15+Model!$H$15*E7 -> -1.065 | D7: =IF(C7>Model!$B$21,"↑",IF(C7<-Model!$B$21,"↓","→")) -> ↓ | E7: =SUMPRODUCT(Model!$B$16:$F$16,Model!$B$7:$F$7-$A7*Model!$B$10:$F$10)+$B7*Model!$G$16 -> -1.45 | F7: =IF(E7>Model!$B$21,"↑",IF(E7<-Model!$B$21,"↓","→")) -> ↓ | G7: =SUMPRODUCT(Model!$B$17:$F$17,Model!$B$7:$F$7-$A7*Model!$B$10:$F$10)+$B7*Model!$G$17+Model!$H$17*E7 -> 0.07 | H7: =IF(G7>Model!$B$21,"↑",IF(G7<-Model!$B$21,"↓","→")) -> → | I7: =SUMPRODUCT(Model!$B$18:$F$18,Model!$B$7:$F$7-$A7*Model!$B$10:$F$10)+$B7*Model!$G$18+Model!$H$18*E7 -> 0.81 | J7: =IF(I7>Model!$B$21,"↑",IF(I7<-Model!$B$21,"↓","→")) -> ↑ | K7: =SUMPRODUCT(Model!$B$15:$F$15,Model!$B$6:$F$6-$A7*Model!$B$10:$F$10)+$B7*Model!$G$15+Model!$H$15*M7 -> 1.19 | L7: =IF(K7>Model!$B$21,"↑",IF(K7<-Model!$B$21,"↓","→")) -> ↑ | M7: =SUMPRODUCT(Model!$B$16:$F$16,Model!$B$6:$F$6-$A7*Model!$B$10:$F$10)+$B7*Model!$G$16 -> 3.9 | N7: =IF(M7>Model!$B$21,"↑",IF(M7<-Model!$B$21,"↓","→")) -> ↑ | O7: =SUMPRODUCT(Model!$B$17:$F$17,Model!$B$6:$F$6-$A7*Model!$B$10:$F$10)+$B7*Model!$G$17+Model!$H$17*M7 -> 0.3 | P7: =IF(O7>Model!$B$21,"↑",IF(O7<-Model!$B$21,"↓","→")) -> ↑ | Q7: =SUMPRODUCT(Model!$B$18:$F$18,Model!$B$6:$F$6-$A7*Model!$B$10:$F$10)+$B7*Model!$G$18+Model!$H$18*M7 -> 0.4 | R7: =IF(Q7>Model!$B$21,"↑",IF(Q7<-Model!$B$21,"↓","→")) -> ↑
A8: 0 | B8: 1 | C8: =SUMPRODUCT(Model!$B$15:$F$15,Model!$B$7:$F$7-$A8*Model!$B$10:$F$10)+$B8*Model!$G$15+Model!$H$15*E8 -> -0.545 | D8: =IF(C8>Model!$B$21,"↑",IF(C8<-Model!$B$21,"↓","→")) -> ↓ | E8: =SUMPRODUCT(Model!$B$16:$F$16,Model!$B$7:$F$7-$A8*Model!$B$10:$F$10)+$B8*Model!$G$16 -> -1.25 | F8: =IF(E8>Model!$B$21,"↑",IF(E8<-Model!$B$21,"↓","→")) -> ↓ | G8: =SUMPRODUCT(Model!$B$17:$F$17,Model!$B$7:$F$7-$A8*Model!$B$10:$F$10)+$B8*Model!$G$17+Model!$H$17*E8 -> 0.07 | H8: =IF(G8>Model!$B$21,"↑",IF(G8<-Model!$B$21,"↓","→")) -> → | I8: =SUMPRODUCT(Model!$B$18:$F$18,Model!$B$7:$F$7-$A8*Model!$B$10:$F$10)+$B8*Model!$G$18+Model!$H$18*E8 -> -0.19 | J8: =IF(I8>Model!$B$21,"↑",IF(I8<-Model!$B$21,"↓","→")) -> → | K8: =SUMPRODUCT(Model!$B$15:$F$15,Model!$B$6:$F$6-$A8*Model!$B$10:$F$10)+$B8*Model!$G$15+Model!$H$15*M8 -> 1.71 | L8: =IF(K8>Model!$B$21,"↑",IF(K8<-Model!$B$21,"↓","→")) -> ↑ | M8: =SUMPRODUCT(Model!$B$16:$F$16,Model!$B$6:$F$6-$A8*Model!$B$10:$F$10)+$B8*Model!$G$16 -> 4.1 | N8: =IF(M8>Model!$B$21,"↑",IF(M8<-Model!$B$21,"↓","→")) -> ↑ | O8: =SUMPRODUCT(Model!$B$17:$F$17,Model!$B$6:$F$6-$A8*Model!$B$10:$F$10)+$B8*Model!$G$17+Model!$H$17*M8 -> 0.3 | P8: =IF(O8>Model!$B$21,"↑",IF(O8<-Model!$B$21,"↓","→")) -> ↑ | Q8: =SUMPRODUCT(Model!$B$18:$F$18,Model!$B$6:$F$6-$A8*Model!$B$10:$F$10)+$B8*Model!$G$18+Model!$H$18*M8 -> -0.6 | R8: =IF(Q8>Model!$B$21,"↑",IF(Q8<-Model!$B$21,"↓","→")) -> ↓
A9: 0.25 | B9: 0 | C9: =SUMPRODUCT(Model!$B$15:$F$15,Model!$B$7:$F$7-$A9*Model!$B$10:$F$10)+$B9*Model!$G$15+Model!$H$15*E9 -> -0.89357015 | D9: =IF(C9>Model!$B$21,"↑",IF(C9<-Model!$B$21,"↓","→")) -> ↓ | E9: =SUMPRODUCT(Model!$B$16:$F$16,Model!$B$7:$F$7-$A9*Model!$B$10:$F$10)+$B9*Model!$G$16 -> -1.334408 | F9: =IF(E9>Model!$B$21,"↑",IF(E9<-Model!$B$21,"↓","→")) -> ↓ | G9: =SUMPRODUCT(Model!$B$17:$F$17,Model!$B$7:$F$7-$A9*Model!$B$10:$F$10)+$B9*Model!$G$17+Model!$H$17*E9 -> 0.091766169 | H9: =IF(G9>Model!$B$21,"↑",IF(G9<-Model!$B$21,"↓","→")) -> → | I9: =SUMPRODUCT(Model!$B$18:$F$18,Model!$B$7:$F$7-$A9*Model!$B$10:$F$10)+$B9*Model!$G$18+Model!$H$18*E9 -> 0.60450746 | J9: =IF(I9>Model!$B$21,"↑",IF(I9<-Model!$B$21,"↓","→")) -> ↑ | K9: =SUMPRODUCT(Model!$B$15:$F$15,Model!$B$6:$F$6-$A9*Model!$B$10:$F$10)+$B9*Model!$G$15+Model!$H$15*M9 -> 1.3614299 | L9: =IF(K9>Model!$B$21,"↑",IF(K9<-Model!$B$21,"↓","→")) -> ↑ | M9: =SUMPRODUCT(Model!$B$16:$F$16,Model!$B$6:$F$6-$A9*Model!$B$10:$F$10)+$B9*Model!$G$16 -> 4.015592 | N9: =IF(M9>Model!$B$21,"↑",IF(M9<-Model!$B$21,"↓","→")) -> ↑ | O9: =SUMPRODUCT(Model!$B$17:$F$17,Model!$B$6:$F$6-$A9*Model!$B$10:$F$10)+$B9*Model!$G$17+Model!$H$17*M9 -> 0.32176617 | P9: =IF(O9>Model!$B$21,"↑",IF(O9<-Model!$B$21,"↓","→")) -> ↑ | Q9: =SUMPRODUCT(Model!$B$18:$F$18,Model!$B$6:$F$6-$A9*Model!$B$10:$F$10)+$B9*Model!$G$18+Model!$H$18*M9 -> 0.19450746 | R9: =IF(Q9>Model!$B$21,"↑",IF(Q9<-Model!$B$21,"↓","→")) -> →
A10: 0.25 | B10: 1 | C10: =SUMPRODUCT(Model!$B$15:$F$15,Model!$B$7:$F$7-$A10*Model!$B$10:$F$10)+$B10*Model!$G$15+Model!$H$15*E10 -> -0.37357015 | D10: =IF(C10>Model!$B$21,"↑",IF(C10<-Model!$B$21,"↓","→")) -> ↓ | E10: =SUMPRODUCT(Model!$B$16:$F$16,Model!$B$7:$F$7-$A10*Model!$B$10:$F$10)+$B10*Model!$G$16 -> -1.134408 | F10: =IF(E10>Model!$B$21,"↑",IF(E10<-Model!$B$21,"↓","→")) -> ↓ | G10: =SUMPRODUCT(Model!$B$17:$F$17,Model!$B$7:$F$7-$A10*Model!$B$10:$F$10)+$B10*Model!$G$17+Model!$H$17*E10 -> 0.091766169 | H10: =IF(G10>Model!$B$21,"↑",IF(G10<-Model!$B$21,"↓","→")) -> → | I10: =SUMPRODUCT(Model!$B$18:$F$18,Model!$B$7:$F$7-$A10*Model!$B$10:$F$10)+$B10*Model!$G$18+Model!$H$18*E10 -> -0.39549254 | J10: =IF(I10>Model!$B$21,"↑",IF(I10<-Model!$B$21,"↓","→")) -> ↓ | K10: =SUMPRODUCT(Model!$B$15:$F$15,Model!$B$6:$F$6-$A10*Model!$B$10:$F$10)+$B10*Model!$G$15+Model!$H$15*M10 -> 1.8814299 | L10: =IF(K10>Model!$B$21,"↑",IF(K10<-Model!$B$21,"↓","→")) -> ↑ | M10: =SUMPRODUCT(Model!$B$16:$F$16,Model!$B$6:$F$6-$A10*Model!$B$10:$F$10)+$B10*Model!$G$16 -> 4.215592 | N10: =IF(M10>Model!$B$21,"↑",IF(M10<-Model!$B$21,"↓","→")) -> ↑ | O10: =SUMPRODUCT(Model!$B$17:$F$17,Model!$B$6:$F$6-$A10*Model!$B$10:$F$10)+$B10*Model!$G$17+Model!$H$17*M10 -> 0.32176617 | P10: =IF(O10>Model!$B$21,"↑",IF(O10<-Model!$B$21,"↓","→")) -> ↑ | Q10: =SUMPRODUCT(Model!$B$18:$F$18,Model!$B$6:$F$6-$A10*Model!$B$10:$F$10)+$B10*Model!$G$18+Model!$H$18*M10 -> -0.80549254 | R10: =IF(Q10>Model!$B$21,"↑",IF(Q10<-Model!$B$21,"↓","→")) -> ↓
A11: 0.5 | B11: 0 | C11: =SUMPRODUCT(Model!$B$15:$F$15,Model!$B$7:$F$7-$A11*Model!$B$10:$F$10)+$B11*Model!$G$15+Model!$H$15*E11 -> -0.7221403 | D11: =IF(C11>Model!$B$21,"↑",IF(C11<-Model!$B$21,"↓","→")) -> ↓ | E11: =SUMPRODUCT(Model!$B$16:$F$16,Model!$B$7:$F$7-$A11*Model!$B$10:$F$10)+$B11*Model!$G$16 -> -1.2188159 | F11: =IF(E11>Model!$B$21,"↑",IF(E11<-Model!$B$21,"↓","→")) -> ↓ | G11: =SUMPRODUCT(Model!$B$17:$F$17,Model!$B$7:$F$7-$A11*Model!$B$10:$F$10)+$B11*Model!$G$17+Model!$H$17*E11 -> 0.11353234 | H11: =IF(G11>Model!$B$21,"↑",IF(G11<-Model!$B$21,"↓","→")) -> → | I11: =SUMPRODUCT(Model!$B$18:$F$18,Model!$B$7:$F$7-$A11*Model!$B$10:$F$10)+$B11*Model!$G$18+Model!$H$18*E11 -> 0.39901493 | J11: =IF(I11>Model!$B$21,"↑",IF(I11<-Model!$B$21,"↓","→")) -> ↑ | K11: =SUMPRODUCT(Model!$B$15:$F$15,Model!$B$6:$F$6-$A11*Model!$B$10:$F$10)+$B11*Model!$G$15+Model!$H$15*M11 -> 1.5328597 | L11: =IF(K11>Model!$B$21,"↑",IF(K11<-Model!$B$21,"↓","→")) -> ↑ | M11: =SUMPRODUCT(Model!$B$16:$F$16,Model!$B$6:$F$6-$A11*Model!$B$10:$F$10)+$B11*Model!$G$16 -> 4.1311841 | N11: =IF(M11>Model!$B$21,"↑",IF(M11<-Model!$B$21,"↓","→")) -> ↑ | O11: =SUMPRODUCT(Model!$B$17:$F$17,Model!$B$6:$F$6-$A11*Model!$B$10:$F$10)+$B11*Model!$G$17+Model!$H$17*M11 -> 0.34353234 | P11: =IF(O11>Model!$B$21,"↑",IF(O11<-Model!$B$21,"↓","→")) -> ↑ | Q11: =SUMPRODUCT(Model!$B$18:$F$18,Model!$B$6:$F$6-$A11*Model!$B$10:$F$10)+$B11*Model!$G$18+Model!$H$18*M11 -> -0.010985075 | R11: =IF(Q11>Model!$B$21,"↑",IF(Q11<-Model!$B$21,"↓","→")) -> →
A12: 0.5 | B12: 1 | C12: =SUMPRODUCT(Model!$B$15:$F$15,Model!$B$7:$F$7-$A12*Model!$B$10:$F$10)+$B12*Model!$G$15+Model!$H$15*E12 -> -0.2021403 | D12: =IF(C12>Model!$B$21,"↑",IF(C12<-Model!$B$21,"↓","→")) -> → | E12: =SUMPRODUCT(Model!$B$16:$F$16,Model!$B$7:$F$7-$A12*Model!$B$10:$F$10)+$B12*Model!$G$16 -> -1.0188159 | F12: =IF(E12>Model!$B$21,"↑",IF(E12<-Model!$B$21,"↓","→")) -> ↓ | G12: =SUMPRODUCT(Model!$B$17:$F$17,Model!$B$7:$F$7-$A12*Model!$B$10:$F$10)+$B12*Model!$G$17+Model!$H$17*E12 -> 0.11353234 | H12: =IF(G12>Model!$B$21,"↑",IF(G12<-Model!$B$21,"↓","→")) -> → | I12: =SUMPRODUCT(Model!$B$18:$F$18,Model!$B$7:$F$7-$A12*Model!$B$10:$F$10)+$B12*Model!$G$18+Model!$H$18*E12 -> -0.60098507 | J12: =IF(I12>Model!$B$21,"↑",IF(I12<-Model!$B$21,"↓","→")) -> ↓ | K12: =SUMPRODUCT(Model!$B$15:$F$15,Model!$B$6:$F$6-$A12*Model!$B$10:$F$10)+$B12*Model!$G$15+Model!$H$15*M12 -> 2.0528597 | L12: =IF(K12>Model!$B$21,"↑",IF(K12<-Model!$B$21,"↓","→")) -> ↑ | M12: =SUMPRODUCT(Model!$B$16:$F$16,Model!$B$6:$F$6-$A12*Model!$B$10:$F$10)+$B12*Model!$G$16 -> 4.3311841 | N12: =IF(M12>Model!$B$21,"↑",IF(M12<-Model!$B$21,"↓","→")) -> ↑ | O12: =SUMPRODUCT(Model!$B$17:$F$17,Model!$B$6:$F$6-$A12*Model!$B$10:$F$10)+$B12*Model!$G$17+Model!$H$17*M12 -> 0.34353234 | P12: =IF(O12>Model!$B$21,"↑",IF(O12<-Model!$B$21,"↓","→")) -> ↑ | Q12: =SUMPRODUCT(Model!$B$18:$F$18,Model!$B$6:$F$6-$A12*Model!$B$10:$F$10)+$B12*Model!$G$18+Model!$H$18*M12 -> -1.0109851 | R12: =IF(Q12>Model!$B$21,"↑",IF(Q12<-Model!$B$21,"↓","→")) -> ↓
A13: 0.75 | B13: 0 | C13: =SUMPRODUCT(Model!$B$15:$F$15,Model!$B$7:$F$7-$A13*Model!$B$10:$F$10)+$B13*Model!$G$15+Model!$H$15*E13 -> -0.55071045 | D13: =IF(C13>Model!$B$21,"↑",IF(C13<-Model!$B$21,"↓","→")) -> ↓ | E13: =SUMPRODUCT(Model!$B$16:$F$16,Model!$B$7:$F$7-$A13*Model!$B$10:$F$10)+$B13*Model!$G$16 -> -1.1032239 | F13: =IF(E13>Model!$B$21,"↑",IF(E13<-Model!$B$21,"↓","→")) -> ↓ | G13: =SUMPRODUCT(Model!$B$17:$F$17,Model!$B$7:$F$7-$A13*Model!$B$10:$F$10)+$B13*Model!$G$17+Model!$H$17*E13 -> 0.13529851 | H13: =IF(G13>Model!$B$21,"↑",IF(G13<-Model!$B$21,"↓","→")) -> → | I13: =SUMPRODUCT(Model!$B$18:$F$18,Model!$B$7:$F$7-$A13*Model!$B$10:$F$10)+$B13*Model!$G$18+Model!$H$18*E13 -> 0.19352239 | J13: =IF(I13>Model!$B$21,"↑",IF(I13<-Model!$B$21,"↓","→")) -> → | K13: =SUMPRODUCT(Model!$B$15:$F$15,Model!$B$6:$F$6-$A13*Model!$B$10:$F$10)+$B13*Model!$G$15+Model!$H$15*M13 -> 1.7042896 | L13: =IF(K13>Model!$B$21,"↑",IF(K13<-Model!$B$21,"↓","→")) -> ↑ | M13: =SUMPRODUCT(Model!$B$16:$F$16,Model!$B$6:$F$6-$A13*Model!$B$10:$F$10)+$B13*Model!$G$16 -> 4.2467761 | N13: =IF(M13>Model!$B$21,"↑",IF(M13<-Model!$B$21,"↓","→")) -> ↑ | O13: =SUMPRODUCT(Model!$B$17:$F$17,Model!$B$6:$F$6-$A13*Model!$B$10:$F$10)+$B13*Model!$G$17+Model!$H$17*M13 -> 0.36529851 | P13: =IF(O13>Model!$B$21,"↑",IF(O13<-Model!$B$21,"↓","→")) -> ↑ | Q13: =SUMPRODUCT(Model!$B$18:$F$18,Model!$B$6:$F$6-$A13*Model!$B$10:$F$10)+$B13*Model!$G$18+Model!$H$18*M13 -> -0.21647761 | R13: =IF(Q13>Model!$B$21,"↑",IF(Q13<-Model!$B$21,"↓","→")) -> →
A14: 0.75 | B14: 1 | C14: =SUMPRODUCT(Model!$B$15:$F$15,Model!$B$7:$F$7-$A14*Model!$B$10:$F$10)+$B14*Model!$G$15+Model!$H$15*E14 -> -0.030710448 | D14: =IF(C14>Model!$B$21,"↑",IF(C14<-Model!$B$21,"↓","→")) -> → | E14: =SUMPRODUCT(Model!$B$16:$F$16,Model!$B$7:$F$7-$A14*Model!$B$10:$F$10)+$B14*Model!$G$16 -> -0.90322388 | F14: =IF(E14>Model!$B$21,"↑",IF(E14<-Model!$B$21,"↓","→")) -> ↓ | G14: =SUMPRODUCT(Model!$B$17:$F$17,Model!$B$7:$F$7-$A14*Model!$B$10:$F$10)+$B14*Model!$G$17+Model!$H$17*E14 -> 0.13529851 | H14: =IF(G14>Model!$B$21,"↑",IF(G14<-Model!$B$21,"↓","→")) -> → | I14: =SUMPRODUCT(Model!$B$18:$F$18,Model!$B$7:$F$7-$A14*Model!$B$10:$F$10)+$B14*Model!$G$18+Model!$H$18*E14 -> -0.80647761 | J14: =IF(I14>Model!$B$21,"↑",IF(I14<-Model!$B$21,"↓","→")) -> ↓ | K14: =SUMPRODUCT(Model!$B$15:$F$15,Model!$B$6:$F$6-$A14*Model!$B$10:$F$10)+$B14*Model!$G$15+Model!$H$15*M14 -> 2.2242896 | L14: =IF(K14>Model!$B$21,"↑",IF(K14<-Model!$B$21,"↓","→")) -> ↑ | M14: =SUMPRODUCT(Model!$B$16:$F$16,Model!$B$6:$F$6-$A14*Model!$B$10:$F$10)+$B14*Model!$G$16 -> 4.4467761 | N14: =IF(M14>Model!$B$21,"↑",IF(M14<-Model!$B$21,"↓","→")) -> ↑ | O14: =SUMPRODUCT(Model!$B$17:$F$17,Model!$B$6:$F$6-$A14*Model!$B$10:$F$10)+$B14*Model!$G$17+Model!$H$17*M14 -> 0.36529851 | P14: =IF(O14>Model!$B$21,"↑",IF(O14<-Model!$B$21,"↓","→")) -> ↑ | Q14: =SUMPRODUCT(Model!$B$18:$F$18,Model!$B$6:$F$6-$A14*Model!$B$10:$F$10)+$B14*Model!$G$18+Model!$H$18*M14 -> -1.2164776 | R14: =IF(Q14>Model!$B$21,"↑",IF(Q14<-Model!$B$21,"↓","→")) -> ↓
A15: 1 | B15: 0 | C15: =SUMPRODUCT(Model!$B$15:$F$15,Model!$B$7:$F$7-$A15*Model!$B$10:$F$10)+$B15*Model!$G$15+Model!$H$15*E15 -> -0.3792806 | D15: =IF(C15>Model!$B$21,"↑",IF(C15<-Model!$B$21,"↓","→")) -> ↓ | E15: =SUMPRODUCT(Model!$B$16:$F$16,Model!$B$7:$F$7-$A15*Model!$B$10:$F$10)+$B15*Model!$G$16 -> -0.98763184 | F15: =IF(E15>Model!$B$21,"↑",IF(E15<-Model!$B$21,"↓","→")) -> ↓ | G15: =SUMPRODUCT(Model!$B$17:$F$17,Model!$B$7:$F$7-$A15*Model!$B$10:$F$10)+$B15*Model!$G$17+Model!$H$17*E15 -> 0.15706468 | H15: =IF(G15>Model!$B$21,"↑",IF(G15<-Model!$B$21,"↓","→")) -> → | I15: =SUMPRODUCT(Model!$B$18:$F$18,Model!$B$7:$F$7-$A15*Model!$B$10:$F$10)+$B15*Model!$G$18+Model!$H$18*E15 -> -0.011970149 | J15: =IF(I15>Model!$B$21,"↑",IF(I15<-Model!$B$21,"↓","→")) -> → | K15: =SUMPRODUCT(Model!$B$15:$F$15,Model!$B$6:$F$6-$A15*Model!$B$10:$F$10)+$B15*Model!$G$15+Model!$H$15*M15 -> 1.8757194 | L15: =IF(K15>Model!$B$21,"↑",IF(K15<-Model!$B$21,"↓","→")) -> ↑ | M15: =SUMPRODUCT(Model!$B$16:$F$16,Model!$B$6:$F$6-$A15*Model!$B$10:$F$10)+$B15*Model!$G$16 -> 4.3623682 | N15: =IF(M15>Model!$B$21,"↑",IF(M15<-Model!$B$21,"↓","→")) -> ↑ | O15: =SUMPRODUCT(Model!$B$17:$F$17,Model!$B$6:$F$6-$A15*Model!$B$10:$F$10)+$B15*Model!$G$17+Model!$H$17*M15 -> 0.38706468 | P15: =IF(O15>Model!$B$21,"↑",IF(O15<-Model!$B$21,"↓","→")) -> ↑ | Q15: =SUMPRODUCT(Model!$B$18:$F$18,Model!$B$6:$F$6-$A15*Model!$B$10:$F$10)+$B15*Model!$G$18+Model!$H$18*M15 -> -0.42197015 | R15: =IF(Q15>Model!$B$21,"↑",IF(Q15<-Model!$B$21,"↓","→")) -> ↓
A16: 1 | B16: 1 | C16: =SUMPRODUCT(Model!$B$15:$F$15,Model!$B$7:$F$7-$A16*Model!$B$10:$F$10)+$B16*Model!$G$15+Model!$H$15*E16 -> 0.1407194 | D16: =IF(C16>Model!$B$21,"↑",IF(C16<-Model!$B$21,"↓","→")) -> → | E16: =SUMPRODUCT(Model!$B$16:$F$16,Model!$B$7:$F$7-$A16*Model!$B$10:$F$10)+$B16*Model!$G$16 -> -0.78763184 | F16: =IF(E16>Model!$B$21,"↑",IF(E16<-Model!$B$21,"↓","→")) -> ↓ | G16: =SUMPRODUCT(Model!$B$17:$F$17,Model!$B$7:$F$7-$A16*Model!$B$10:$F$10)+$B16*Model!$G$17+Model!$H$17*E16 -> 0.15706468 | H16: =IF(G16>Model!$B$21,"↑",IF(G16<-Model!$B$21,"↓","→")) -> → | I16: =SUMPRODUCT(Model!$B$18:$F$18,Model!$B$7:$F$7-$A16*Model!$B$10:$F$10)+$B16*Model!$G$18+Model!$H$18*E16 -> -1.0119701 | J16: =IF(I16>Model!$B$21,"↑",IF(I16<-Model!$B$21,"↓","→")) -> ↓ | K16: =SUMPRODUCT(Model!$B$15:$F$15,Model!$B$6:$F$6-$A16*Model!$B$10:$F$10)+$B16*Model!$G$15+Model!$H$15*M16 -> 2.3957194 | L16: =IF(K16>Model!$B$21,"↑",IF(K16<-Model!$B$21,"↓","→")) -> ↑ | M16: =SUMPRODUCT(Model!$B$16:$F$16,Model!$B$6:$F$6-$A16*Model!$B$10:$F$10)+$B16*Model!$G$16 -> 4.5623682 | N16: =IF(M16>Model!$B$21,"↑",IF(M16<-Model!$B$21,"↓","→")) -> ↑ | O16: =SUMPRODUCT(Model!$B$17:$F$17,Model!$B$6:$F$6-$A16*Model!$B$10:$F$10)+$B16*Model!$G$17+Model!$H$17*M16 -> 0.38706468 | P16: =IF(O16>Model!$B$21,"↑",IF(O16<-Model!$B$21,"↓","→")) -> ↑ | Q16: =SUMPRODUCT(Model!$B$18:$F$18,Model!$B$6:$F$6-$A16*Model!$B$10:$F$10)+$B16*Model!$G$18+Model!$H$18*M16 -> -1.4219701 | R16: =IF(Q16>Model!$B$21,"↑",IF(Q16<-Model!$B$21,"↓","→")) -> ↓
A18: Highlighted rows
A19: λ = 0, relief 0 → tail stress (BofA-consistent). λ = 0.75, relief 1 → suggested central case.
A21: Reading
A22: • DD equities: z < 0 for λ below ~0.8 even with relief, but clear the ±0.25 sign threshold only for λ ≤ ~0.4 (without relief: ↓ at every λ).
A23: • DD vol ↑ needs both: nothing priced and no relief rally.
A24: • DD USD never ↓ here: Senate block on Fed nominees (INST) offsets lower rates — a channel difference vs BofA, not a pricing one.
A25: • RR equities, 10y, USD ↑ at every λ; RR vol ↑ only with λ = 0 and no relief.
A26: • Evidence against λ = 0: Oct-2024 'Trump trade' — rates, USD, BTC tracked Polymarket odds before the vote.

Sheet Model
A1: Model inputs — v3 expert-prior loadings, reflation regime (T+1)
A2: Blue = input. Yellow = key assumption. Change any input and Summary recalculates.
A4: Policy state x_k(s) and priors
A5: Scenario | B5: FISC | C5: TRADE | D5: INST | E5: POL | F5: REG | G5: Prior (raw) | H5: Prior (norm.)
A6: RR | B6: 1 | C6: 1 | D6: 1 | E6: 0 | F6: 1 | G6: 0.077 | H6: =G6/SUM($G$6:$G$9) -> 0.076616915
A7: DD | B7: -0.2 | C7: -0.1 | D7: -0.6 | E7: 1 | F7: -0.4 | G7: 0.61 | H7: =G7/SUM($G$6:$G$9) -> 0.60696517
A8: RD | B8: 0 | C8: 0.2 | D8: -0.6 | E8: 0.4 | F8: 0.2 | G8: 0.008 | H8: =G8/SUM($G$6:$G$9) -> 0.007960199
A9: DR | B9: 0 | C9: 0.3 | D9: 0.5 | E9: 0.6 | F9: 0.2 | G9: 0.31 | H9: =G9/SUM($G$6:$G$9) -> 0.30845771
A10: Priced-in E_k | B10: =SUMPRODUCT($H$6:$H$9,B6:B9) -> -0.044776119 | C10: =SUMPRODUCT($H$6:$H$9,C6:C9) -> 0.11004975 | D10: =SUMPRODUCT($H$6:$H$9,D6:D9) -> -0.13810945 | E10: =SUMPRODUCT($H$6:$H$9,E6:E9) -> 0.79522388 | F10: =SUMPRODUCT($H$6:$H$9,F6:F9) -> -0.10288557
A13: Loadings B (σ per unit surprise), relief r, regime feedback γ
A14: Asset | B14: FISC | C14: TRADE | D14: INST | E14: POL | F14: REG | G14: Relief r | H14: γ (×z10y)
A15: SPX | B15: 0.7 | C15: -0.6 | D15: -0.2 | E15: -0.6 | F15: 0.9 | G15: 0.5 | H15: 0.1
A16: UST10Y | B16: 2.5 | C16: 0.3 | D16: 0.9 | E16: -0.3 | F16: 0.2 | G16: 0.2 | H16: 0
A17: DXY | B17: 0.7 | C17: 0.5 | D17: -1 | E17: -0.3 | F17: 0.1 | G17: 0 | H17: 0
A18: VIX | B18: -0.3 | C18: 0.5 | D18: 0.6 | E18: 1 | F18: -0.4 | G18: -1 | H18: 0
A21: Sign threshold |z| | B21: 0.25 | C21: z above +thr → ↑, below −thr → ↓, otherwise →
